--Attribute Group
INSERT INTO product_attribute_group (id, name, created_at, created_by, updated_at, updated_by) VALUES(396556939800219647, 'General', CURRENT_TIMESTAMP AT TIME ZONE 'UTC', 'thanh', CURRENT_TIMESTAMP AT TIME ZONE 'UTC', 'thanh');
INSERT INTO product_attribute_group (id, name, created_at, created_by, updated_at, updated_by) VALUES(396556939800219648, 'Book', CURRENT_TIMESTAMP AT TIME ZONE 'UTC', 'thanh', CURRENT_TIMESTAMP AT TIME ZONE 'UTC', 'thanh');
INSERT INTO product_attribute_group (id, name, created_at, created_by, updated_at, updated_by) VALUES(396556939800219649, 'Something', CURRENT_TIMESTAMP AT TIME ZONE 'UTC', 'thanh', CURRENT_TIMESTAMP AT TIME ZONE 'UTC', 'thanh');
INSERT INTO product_attribute_group (id, name, created_at, created_by, updated_at, updated_by) VALUES(396556939800219650, 'Screen', CURRENT_TIMESTAMP AT TIME ZONE 'UTC', 'thanh', CURRENT_TIMESTAMP AT TIME ZONE 'UTC', 'thanh');
INSERT INTO product_attribute_group (id, name, created_at, created_by, updated_at, updated_by) VALUES(396556939800219651, 'Connectivity', CURRENT_TIMESTAMP AT TIME ZONE 'UTC', 'thanh', CURRENT_TIMESTAMP AT TIME ZONE 'UTC', 'thanh');
INSERT INTO product_attribute_group (id, name, created_at, created_by, updated_at, updated_by) VALUES(396556939800219652, 'Camera', CURRENT_TIMESTAMP AT TIME ZONE 'UTC', 'thanh', CURRENT_TIMESTAMP AT TIME ZONE 'UTC', 'thanh');
INSERT INTO product_attribute_group (id, name, created_at, created_by, updated_at, updated_by) VALUES(396556939800219653, 'Memory', CURRENT_TIMESTAMP AT TIME ZONE 'UTC', 'thanh', CURRENT_TIMESTAMP AT TIME ZONE 'UTC', 'thanh');

--Attribute
INSERT INTO product_attribute(id, name, product_attribute_group, created_at, created_by, updated_at, updated_by) VALUES(486580923245727745,'Author', 396556939800219648, CURRENT_TIMESTAMP AT TIME ZONE 'UTC', 'thanh', CURRENT_TIMESTAMP AT TIME ZONE 'UTC', 'thanh');
INSERT INTO product_attribute(id, name, product_attribute_group, created_at, created_by, updated_at, updated_by) VALUES(486580923245727746,'Pages', 396556939800219648, CURRENT_TIMESTAMP AT TIME ZONE 'UTC', 'thanh', CURRENT_TIMESTAMP AT TIME ZONE 'UTC', 'thanh');
INSERT INTO product_attribute(id, name, product_attribute_group, created_at, created_by, updated_at, updated_by) VALUES(486580923245727747,'ISBN', 396556939800219648, CURRENT_TIMESTAMP AT TIME ZONE 'UTC', 'thanh', CURRENT_TIMESTAMP AT TIME ZONE 'UTC', 'thanh');
INSERT INTO product_attribute(id, name, product_attribute_group, created_at, created_by, updated_at, updated_by) VALUES(486580923245727748,'Language', 396556939800219648, CURRENT_TIMESTAMP AT TIME ZONE 'UTC', 'thanh', CURRENT_TIMESTAMP AT TIME ZONE 'UTC', 'thanh');

--Product Template
INSERT INTO product_template (id, name, created_at, created_by, updated_at, updated_by) VALUES (1, 'Sample Template', CURRENT_TIMESTAMP AT TIME ZONE 'UTC', 'thanh', CURRENT_TIMESTAMP AT TIME ZONE 'UTC', 'thanh');

--Product Attribute template
INSERT INTO product_attribute_template (id, product_attribute, product_template, display_order) VALUES(486580923245727745, 486580923245727745, 1, 0);
INSERT INTO product_attribute_template (id, product_attribute, product_template, display_order) VALUES(486580923245727746, 486580923245727746, 1, 1);
INSERT INTO product_attribute_template (id, product_attribute, product_template, display_order) VALUES(486580923245727747, 486580923245727747, 1, 2);
INSERT INTO product_attribute_template (id, product_attribute, product_template, display_order) VALUES(486580923245727748, 486580923245727748, 1, 3);

--Product
INSERT INTO product(id, name, slug, category, brand, supplier, description, status) VALUES('74f9341a-54c1-4453-84e4-147e656e4a9c', 'Nhà Giả Kim', 'nha-gia-kim', 'd8be3328-2999-4557-83d7-fe939776f12f', null, null, 'description', 'ACTIVE'),
                                                                                          ('366f785f-26dd-4c33-8452-0b172ef0a5de', 'Iphone 16 Pro Max', 'iphone-16-pro-max', '44c8112a-4794-405b-91ec-98ca64296825', null, null, 'description', 'ACTIVE'),
                                                                                          ('14e9a579-d824-4386-9d3c-74b53ef2a626', 'Iphone 15 Pro Max', 'iphone-15-pro-max', '44c8112a-4794-405b-91ec-98ca64296825', null, null, 'description', 'ACTIVE'),
                                                                                          ('a588ffe9-1b22-4f37-ae58-553a6ae93677', 'Iphone 14 Pro Max', 'iphone-14-pro-max', '44c8112a-4794-405b-91ec-98ca64296825', null, null, 'description', 'ACTIVE'),
                                                                                          ('d0dc832d-68ea-4ab6-b078-940869ec4f9e', 'Iphone 16 Pro', 'iphone-16-pro', '44c8112a-4794-405b-91ec-98ca64296825', null, null, 'description', 'ACTIVE'),
                                                                                          ('61f81838-50c5-4f5f-9efc-9473d32f4f1c', 'Iphone 15 Pro', 'iphone-15-pro', '44c8112a-4794-405b-91ec-98ca64296825', null, null, 'description', 'ACTIVE'),
                                                                                          ('5388efb4-d56d-4eb4-83a6-cbf7fa404ec6', 'Iphone 14 Pro', 'iphone-14-pro', '44c8112a-4794-405b-91ec-98ca64296825', null, null, 'description', 'ACTIVE'),
                                                                                          ('66fe7e60-82a1-44e7-9eaa-b46d3c03386b', 'Những Người Khốn Khổ', 'nhung-nguoi-khon-kho', 'd8be3328-2999-4557-83d7-fe939776f12f', null, null, 'description', 'ACTIVE'),
                                                                                          ('ce143f11-fe72-4909-8919-5665c4bbd91a', 'Sapiens Lược Sử Loài Người', 'sapiens-luoc-su-loai-nguoi', 'd8be3328-2999-4557-83d7-fe939776f12f', null, null, 'description', 'ACTIVE'),
                                                                                          ('9007080f-51a7-45e8-91c9-d82e6943200a', 'Guns, Germs, and Steel: The Fates of Human Societies', 'guns-germs-and-steel', 'd8be3328-2999-4557-83d7-fe939776f12f', null, null, 'description', 'ACTIVE'),
                                                                                          ('8e97edd5-ce80-4ff9-8956-ba0c497ac8f7', 'Samsung Galaxy Fold 6', 'samsung-galaxy-fold-6', '44c8112a-4794-405b-91ec-98ca64296825', null, null, 'description', 'ACTIVE'),
                                                                                          ('26c1974d-2b14-4ec9-a36e-ed8676a252dc', 'Samsung Galaxy Zflip 6', 'samsung-galaxy-zflip-6', '44c8112a-4794-405b-91ec-98ca64296825', null, null, 'description', 'ACTIVE'),
                                                                                          ('e6f7a4c2-5d11-47c0-8623-89694e2e5977', 'Samsung Galaxy S25 Ultra', 'samsung-galaxy-s25-ultra', '44c8112a-4794-405b-91ec-98ca64296825', null, null, 'description', 'ACTIVE'),
                                                                                          ('4e528f17-c033-4fd0-8fbe-9ec6da03fe36', 'Patek Philippe Nautilus 5723', 'patek-philippe-nautilus-5723', '414f47d5-b33d-4493-8449-4bbd8cb4f499', null, null, 'description', 'ACTIVE'),
                                                                                          ('eb553ba5-475d-4335-9d69-9bf3da7ee70d', 'Rolex GMT Master II ', 'rolex-gmt-master-ii', '414f47d5-b33d-4493-8449-4bbd8cb4f499', null, null, 'description', 'ACTIVE'),
                                                                                          ('933585e6-4983-48c6-b4fa-160db579baf5', 'Richard Mille RM 70-01 Tourbillon', 'richard-mille-rm-70-01', '414f47d5-b33d-4493-8449-4bbd8cb4f499', null, null, 'description', 'ACTIVE');

--Product Attribute Value
INSERT INTO product_attribute_value (id, value, product_id, product_attribute_id) VALUES (486580923245727745, 'Paulo Coelho', '74f9341a-54c1-4453-84e4-147e656e4a9c', 486580923245727745);
INSERT INTO product_attribute_value (id, value, product_id, product_attribute_id) VALUES (486580923245727746, '225', '74f9341a-54c1-4453-84e4-147e656e4a9c', 486580923245727746);
INSERT INTO product_attribute_value (id, value, product_id, product_attribute_id) VALUES (486580923245727747, '978-604-53-7204-3', '74f9341a-54c1-4453-84e4-147e656e4a9c', 486580923245727747);
INSERT INTO product_attribute_value (id, value, product_id, product_attribute_id) VALUES (486580923245727748,'Potugal', '74f9341a-54c1-4453-84e4-147e656e4a9c',486580923245727748);


--Product Variant
INSERT INTO product_variant (id, name, product_id, sku, gtin, price) VALUES ('d1a06c9a-78cb-4c7e-beef-0fb4245aacad', 'Iphone 16 Pro Max Đen 128GB', '366f785f-26dd-4c33-8452-0b172ef0a5de', 'IPHON-COLOR-CAPAC-1432', '1845678901901', 25000000),
                                                                            ('722b82e5-04c2-44ca-9042-55f74460687b', 'Iphone 16 Pro Max Đen 256GB', '366f785f-26dd-4c33-8452-0b172ef0a5de', 'IPHON-COLOR-CAPAC-5432', '1845678901001', 35000000),
                                                                            ('86be8381-04fa-42d6-a9d7-6349b482f00d', 'Iphone 16 Pro Max Đen 512GB', '366f785f-26dd-4c33-8452-0b172ef0a5de', 'IPHON-COLOR-CAPAC-7652', '1845678901201', 45000000),
                                                                            ('d072fe63-af8a-4de0-9e61-9a897149332a', 'Iphone 16 Pro Max Đen 1TB', '366f785f-26dd-4c33-8452-0b172ef0a5de', 'IPHON-COLOR-CAPAC-1245', '1845678901301', 55000000),
                                                                            ('bb2e3911-e3ad-4689-a1af-2fedbe58b11e', 'Iphone 16 Pro Max Trắng 128GB', '366f785f-26dd-4c33-8452-0b172ef0a5de', 'IPHON-COLOR-CAPAC-6565', '1845678901021', 26000000),
                                                                            ('c86cc7d9-a0bf-43e1-9943-8b70639dda1e', 'Iphone 16 Pro Max Trắng 256GB', '366f785f-26dd-4c33-8452-0b172ef0a5de', 'IPHON-COLOR-CAPAC-8623', '1845678901401', 36000000),
                                                                            ('e50e7957-f71d-4787-ad60-9fcba599debd', 'Iphone 16 Pro Max Trắng 512GB', '366f785f-26dd-4c33-8452-0b172ef0a5de', 'IPHON-COLOR-CAPAC-4184', '1845678901501', 46000000),
                                                                            ('4d7a3609-bf78-4e4d-97a6-b392b5b986d0', 'Iphone 16 Pro Max Trắng 1TB', '366f785f-26dd-4c33-8452-0b172ef0a5de', 'IPHON-COLOR-CAPAC-1457', '1845678901601', 56000000),
                                                                            ('94e86ccf-c4ff-41a7-a60b-289eb726f8c0', 'Iphone 16 Pro Max Titan 128GB', '366f785f-26dd-4c33-8452-0b172ef0a5de', 'IPHON-COLOR-CAPAC-6894', '1845678901071', 29000000),
                                                                            ('6d3b283e-00c9-46a2-93a3-443695a87e53', 'Iphone 16 Pro Max Titan 256GB', '366f785f-26dd-4c33-8452-0b172ef0a5de', 'IPHON-COLOR-CAPAC-9867', '1845678901611', 39000000),
                                                                            ('f676813b-09cc-42cb-916b-6d4777e76ada', 'Iphone 16 Pro Max Titan 512B', '366f785f-26dd-4c33-8452-0b172ef0a5de', 'IPHON-COLOR-CAPAC-6474', '1845678901614', 49000000),
                                                                            ('ab25dead-5017-4cbb-9cdb-7bda81f45eaa', 'Iphone 16 Pro Max Titan 1TB', '366f785f-26dd-4c33-8452-0b172ef0a5de', 'IPHON-COLOR-CAPAC-8735', '1845678901612', 59000000),


--Variant Attribute
INSERT INTO variant_attribute (id, name) VALUES (1865809232457270, 'Size'),
                                                (1865809232457271, 'Color'),
                                                (1865809232457272, 'Capacity');

INSERT INTO variant_attribute_option (id, variant_id, attribute_id, value, display_order) VALUES (1965809232457270, 'd1a06c9a-78cb-4c7e-beef-0fb4245aacad', 1865809232457271, 'Black', 1),
                                                                                                 (1965809232457271, '722b82e5-04c2-44ca-9042-55f74460687b', 1865809232457271, 'White', 2),
                                                                                                 (1965809232457272, '722b82e5-04c2-44ca-9042-55f74460687b', 1865809232457271, 'Titan', 3),
                                                                                                 (1965809232457273, 'd1a06c9a-78cb-4c7e-beef-0fb4245aacad', 1865809232457272, '128 GB', 1),
                                                                                                 (1965809232457274, '', 1865809232457272, '256 GB', 2),
                                                                                                 (1965809232457275, '', 1865809232457272, '512 GB', 3),
                                                                                                 (1965809232457276, '', 1865809232457272, '1 TB', 4);

INSERT INTO variant_option_combination (id, product_id, variant_attribute_id, display_order) VALUES (556939800219647, '366f785f-26dd-4c33-8452-0b172ef0a5de', 1865809232457271, 1),
                                                                                                    (556939800219648, '366f785f-26dd-4c33-8452-0b172ef0a5de', 1865809232457272, 2);


    INSERT INTO product (id,description,gtin,has_options,is_allowed_to_order,is_featured,is_published,is_visible_individually,meta_description,meta_keyword,meta_title,"name",price,short_description,sku,slug,specification,thumbnail_media_id,brand_id,stock_tracking_enabled,tax_included,stock_quantity,tax_class_id) VALUES
                                                                                                                                                                                                                                                                                                                              (1,'<p>iPhone 15 brings you Dynamic Island, a 48MP Main camera, and USB-C—all in a durable color-infused glass and aluminum design.</p>','IP15',false,true,true,true,true,'<h3><strong>iPhone 15 brings you Dynamic Island, a 48MP Main camera, and USB-C—all in a durable color-infused glass and aluminum design.</strong></h3>','','','iPhone 15',799.0,'<h3><strong>iPhone 15 brings you Dynamic Island, a 48MP Main camera, and USB-C—all in a durable color-infused glass and aluminum design.</strong></h3>','IP15','iphone-15','<p><br></p><p class="ql-align-center"><em><img src="https://m.media-amazon.com/images/G/02/Apple/APlus/GBEN_iPhone_15_5G_Q423_Web_Marketing_Page_PSD_Bronze_L_01._CB577825247_.jpg" alt="image 1"></em></p><p class="ql-align-center"><em><img src="https://m.media-amazon.com/images/G/02/Apple/APlus/GBEN_iPhone_15_5G_Q423_Web_Marketing_Page_PSD_Bronze_L_02._CB577825247_.jpg" alt="image 1"></em></p><p class="ql-align-center"><em><img src="https://m.media-amazon.com/images/G/02/Apple/APlus/GBEN_iPhone_15_5G_Q423_Web_Marketing_Page_PSD_Bronze_L_03._CB577825247_.jpg" alt="image 1"></em></p><p class="ql-align-center"><em><img src="https://m.media-amazon.com/images/G/02/Apple/APlus/GBEN_iPhone_15_5G_Q423_Web_Marketing_Page_PSD_Bronze_L_04._CB577825247_.jpg" alt="image 1"></em></p><p class="ql-align-center"><em><img src="https://m.media-amazon.com/images/G/02/Apple/APlus/GBEN_iPhone_15_5G_Q423_Web_Marketing_Page_PSD_Bronze_L_05._CB577825247_.jpg" alt="image 1"></em></p><p class="ql-align-center"><em><img src="https://m.media-amazon.com/images/G/02/Apple/APlus/GBEN_iPhone_15_5G_Q423_Web_Marketing_Page_PSD_Bronze_L_06._CB577825247_.jpg" alt="image 1"></em></p><p class="ql-align-center"><em><img src="https://m.media-amazon.com/images/G/02/Apple/APlus/GBEN_iPhone_15_5G_Q423_Web_Marketing_Page_PSD_Bronze_L_07._CB577825247_.jpg" alt="image 1"></em></p><p class="ql-align-center"><em><img src="https://m.media-amazon.com/images/G/02/Apple/APlus/GBEN_iPhone_15_5G_Q423_Web_Marketing_Page_PSD_Bronze_L_08._CB577825247_.jpg" alt="image 1"></em></p><p class="ql-align-center"><em><img src="https://m.media-amazon.com/images/G/02/Apple/APlus/GBEN_iPhone_15_5G_Q423_Web_Marketing_Page_PSD_Bronze_L_09._CB577825247_.jpg" alt="image 1"></em></p>',7,1,false,true,10,1),
    (2,'<p>iPhone 15 Pro. Forged in titanium and featuring the groundbreaking A17 Pro chip, a customizable Action button, and a more versatile Pro camera system.</p>','IP15PRO',false,true,true,true,true,'<h3><strong style="color: rgb(4, 12, 19);">iPhone 15 Pro. Forged in titanium and featuring the groundbreaking A17 Pro chip, a customizable Action button, and&nbsp;a more versatile Pro camera system.&nbsp;</strong></h3>','','','iPhone 15 Pro',899.0,'<h3><strong style="color: rgb(4, 12, 19);">iPhone 15 Pro. Forged in titanium and featuring the groundbreaking A17 Pro chip, a customizable Action button, and&nbsp;a more versatile Pro camera system.&nbsp;</strong></h3>','IP15PRO','iphone-15-pro','<p><br></p><p class="ql-align-center"><em><img src="https://m.media-amazon.com/images/G/02/Apple/APlus/GBEN_iPhone_15_Pro_5G_Q423_Web_Marketing_Page_PSD_Bronze_L_01._CB577804077_.jpg" alt="image 1"></em></p><p class="ql-align-center"><em><img src="https://m.media-amazon.com/images/G/02/Apple/APlus/GBEN_iPhone_15_Pro_5G_Q423_Web_Marketing_Page_PSD_Bronze_L_02._CB577804077_.jpg" alt="image 1"></em></p><p class="ql-align-center"><em><img src="https://m.media-amazon.com/images/G/02/Apple/APlus/GBEN_iPhone_15_Pro_5G_Q423_Web_Marketing_Page_PSD_Bronze_L_03._CB577804077_.jpg" alt="image 1"></em></p><p class="ql-align-center"><em><img src="https://m.media-amazon.com/images/G/02/Apple/APlus/GBEN_iPhone_15_Pro_5G_Q423_Web_Marketing_Page_PSD_Bronze_L_04._CB577804077_.jpg" alt="image 1"></em></p><p class="ql-align-center"><em><img src="https://m.media-amazon.com/images/G/02/Apple/APlus/GBEN_iPhone_15_Pro_5G_Q423_Web_Marketing_Page_PSD_Bronze_L_05._CB577804077_.jpg" alt="image 1"></em></p><p class="ql-align-center"><em><img src="https://m.media-amazon.com/images/G/02/Apple/APlus/GBEN_iPhone_15_Pro_5G_Q423_Web_Marketing_Page_PSD_Bronze_L_06._CB577804077_.jpg" alt="image 1"></em></p><p class="ql-align-center"><em><img src="https://m.media-amazon.com/images/G/02/Apple/APlus/GBEN_iPhone_15_Pro_5G_Q423_Web_Marketing_Page_PSD_Bronze_L_07._CB577804077_.jpg" alt="image 1"></em></p><p class="ql-align-center"><em><img src="https://m.media-amazon.com/images/G/02/Apple/APlus/GBEN_iPhone_15_Pro_5G_Q423_Web_Marketing_Page_PSD_Bronze_L_08._CB577804077_.jpg" alt="image 1"></em></p><p class="ql-align-center"><em><img src="https://m.media-amazon.com/images/G/02/Apple/APlus/GBEN_iPhone_15_Pro_5G_Q423_Web_Marketing_Page_PSD_Bronze_L_09._CB577804077_.jpg" alt="image 1"></em></p>',12,1,false,true,10,1),
    (3,'<p>iPhone 15 Plus brings you Dynamic Island, a 48MP Main camera, and USB-C—all in a durable color-infused glass and aluminum design.</p>','IP15PLUS',false,true,true,true,true,'<h3><strong style="color: rgb(4, 12, 19);">iPhone 15 Plus brings you Dynamic Island, a 48MP Main camera, and USB-C—all in a durable color-infused glass and aluminum design.</strong></h3>','','','iPhone 15 Plus',859.0,'<h3><strong style="color: rgb(4, 12, 19);">iPhone 15 Plus brings you Dynamic Island, a 48MP Main camera, and USB-C—all in a durable color-infused glass and aluminum design.</strong></h3>','IP15PLUS','iphone-15-plus','<p><br></p><p><br></p><p class="ql-align-center"><em><img src="https://m.media-amazon.com/images/G/02/Apple/APlus/GBEN_iPhone_15_5G_Q423_Web_Marketing_Page_PSD_Bronze_L_01._CB577825247_.jpg" alt="image 1"></em></p><p class="ql-align-center"><em><img src="https://m.media-amazon.com/images/G/02/Apple/APlus/GBEN_iPhone_15_5G_Q423_Web_Marketing_Page_PSD_Bronze_L_02._CB577825247_.jpg" alt="image 1"></em></p><p class="ql-align-center"><em><img src="https://m.media-amazon.com/images/G/02/Apple/APlus/GBEN_iPhone_15_5G_Q423_Web_Marketing_Page_PSD_Bronze_L_03._CB577825247_.jpg" alt="image 1"></em></p><p class="ql-align-center"><em><img src="https://m.media-amazon.com/images/G/02/Apple/APlus/GBEN_iPhone_15_5G_Q423_Web_Marketing_Page_PSD_Bronze_L_04._CB577825247_.jpg" alt="image 1"></em></p><p class="ql-align-center"><em><img src="https://m.media-amazon.com/images/G/02/Apple/APlus/GBEN_iPhone_15_5G_Q423_Web_Marketing_Page_PSD_Bronze_L_05._CB577825247_.jpg" alt="image 1"></em></p><p class="ql-align-center"><em><img src="https://m.media-amazon.com/images/G/02/Apple/APlus/GBEN_iPhone_15_5G_Q423_Web_Marketing_Page_PSD_Bronze_L_06._CB577825247_.jpg" alt="image 1"></em></p><p class="ql-align-center"><em><img src="https://m.media-amazon.com/images/G/02/Apple/APlus/GBEN_iPhone_15_5G_Q423_Web_Marketing_Page_PSD_Bronze_L_07._CB577825247_.jpg" alt="image 1"></em></p><p class="ql-align-center"><em><img src="https://m.media-amazon.com/images/G/02/Apple/APlus/GBEN_iPhone_15_5G_Q423_Web_Marketing_Page_PSD_Bronze_L_08._CB577825247_.jpg" alt="image 1"></em></p><p class="ql-align-center"><em><img src="https://m.media-amazon.com/images/G/02/Apple/APlus/GBEN_iPhone_15_5G_Q423_Web_Marketing_Page_PSD_Bronze_L_09._CB577825247_.jpg" alt="image 1"></em></p>',17,1,false,true,10,1),
    (4,'<p>iPhone 15 Pro Max. Forged in titanium and featuring the groundbreaking A17 Pro chip, a customizable Action button, and the most powerful iPhone camera system ever.</p>','IP15PROMAX',false,true,true,true,true,'<h3><strong style="color: rgb(4, 12, 19);">iPhone 15 Pro Max. Forged in titanium and featuring the groundbreaking A17 Pro chip, a customizable Action button, and the most powerful iPhone camera system ever.&nbsp;</strong></h3>','','','iPhone 15 Pro Max',1199.0,'<h3><strong style="color: rgb(4, 12, 19);">iPhone 15 Pro Max. Forged in titanium and featuring the groundbreaking A17 Pro chip, a customizable Action button, and the most powerful iPhone camera system ever.&nbsp;</strong></h3>','IP15PROMAX','iphone-15-pro-max','<p class="ql-align-center"><em><img src="https://m.media-amazon.com/images/G/02/Apple/APlus/GBEN_iPhone_15_Pro_5G_Q423_Web_Marketing_Page_PSD_Bronze_L_01._CB577804077_.jpg" alt="image 1"></em></p><p class="ql-align-center"><em><img src="https://m.media-amazon.com/images/G/02/Apple/APlus/GBEN_iPhone_15_Pro_5G_Q423_Web_Marketing_Page_PSD_Bronze_L_02._CB577804077_.jpg" alt="image 1"></em></p><p class="ql-align-center"><em><img src="https://m.media-amazon.com/images/G/02/Apple/APlus/GBEN_iPhone_15_Pro_5G_Q423_Web_Marketing_Page_PSD_Bronze_L_03._CB577804077_.jpg" alt="image 1"></em></p><p class="ql-align-center"><em><img src="https://m.media-amazon.com/images/G/02/Apple/APlus/GBEN_iPhone_15_Pro_5G_Q423_Web_Marketing_Page_PSD_Bronze_L_04._CB577804077_.jpg" alt="image 1"></em></p><p class="ql-align-center"><em><img src="https://m.media-amazon.com/images/G/02/Apple/APlus/GBEN_iPhone_15_Pro_5G_Q423_Web_Marketing_Page_PSD_Bronze_L_05._CB577804077_.jpg" alt="image 1"></em></p><p class="ql-align-center"><em><img src="https://m.media-amazon.com/images/G/02/Apple/APlus/GBEN_iPhone_15_Pro_5G_Q423_Web_Marketing_Page_PSD_Bronze_L_06._CB577804077_.jpg" alt="image 1"></em></p><p class="ql-align-center"><em><img src="https://m.media-amazon.com/images/G/02/Apple/APlus/GBEN_iPhone_15_Pro_5G_Q423_Web_Marketing_Page_PSD_Bronze_L_07._CB577804077_.jpg" alt="image 1"></em></p><p class="ql-align-center"><em><img src="https://m.media-amazon.com/images/G/02/Apple/APlus/GBEN_iPhone_15_Pro_5G_Q423_Web_Marketing_Page_PSD_Bronze_L_08._CB577804077_.jpg" alt="image 1"></em></p><p class="ql-align-center"><em><img src="https://m.media-amazon.com/images/G/02/Apple/APlus/GBEN_iPhone_15_Pro_5G_Q423_Web_Marketing_Page_PSD_Bronze_L_09._CB577804077_.jpg" alt="image 1"></em></p>',22,1,false,true,10,1),
    (5,'<p>Unlock non-stop creativity with the new Dell XPS 14, a perfect balance of go-anywhere mobility and high performance.​</p>','DELL-9440',false,true,true,true,true,'<h2><strong style="color: rgb(4, 12, 19);">Unlock non-stop creativity with the new Dell XPS 14, a perfect balance of go-anywhere mobility and high performance.​&nbsp;</strong></h2>','','','Laptop Dell XPS 14 9440',2299.0,'<h2><strong style="color: rgb(4, 12, 19);">Unlock non-stop creativity with the new Dell XPS 14, a perfect balance of go-anywhere mobility and high performance.​&nbsp;</strong></h2>','DELL-9440','laptop-dell-xps-14-9440','<ul><li><span style="color: rgb(15, 17, 17);"><img src="https://m.media-amazon.com/images/S/aplus-media-library-service-media/074d6af3-eb5e-4388-b02f-036f70072e72.__CR0,0,1464,600_PT0_SX1464_V1___.jpg" alt="B0CZY2L3JY- XPS 9440 Laptop"></span></li></ul><h1><br></h1><h1>The XPS 14</h1><p><br></p><p>Unlock non-stop creativity with the XPS 14 laptop, a perfect balance of go-anywhere mobility and high performance.</p><ul><li>14.5" FHD+ (1920 x 1200) InfinityEdge non-touch, 500 nit Display</li><li>Intel Core Ultra 7 155H (24MB Cache, 16 cores, up to 4.8 GHz) Processor</li><li>Intel Arc Graphics</li><li>512GB M.2 PCIe NVMe Solid State Drive</li><li>16GB LPDDR5x Dual Channel at 6400MT/s Memory</li></ul><p><br></p><h1>Windows 11 brings you closer to what you love</h1><p><br></p><p>Family, friends, obsessions, music, creations - Windows 11 is the one place for it all. With a fresh new feel and tools that make it easier to be efficient, it has what you need for whatever’s next.</p><p class="ql-align-center"><img src="https://m.media-amazon.com/images/S/aplus-media-library-service-media/4f81e358-0da2-4274-be2a-463476746afd.__CR0,0,800,600_PT0_SX800_V1___.jpg" alt="windows-11"></p><h1>Sustainability Comes Naturally.</h1><p><br></p><p>Dell incorporates sustainability into everything we do, from choosing sustainable materials for products and packaging to reusing, remanufacturing or responsibly recycling them at the end of their lifecycle.</p><p><br></p><h1>Iconic design</h1><p><br></p><p>Crafted with machined (CNC) aluminium and Gorilla Glass 3 to deliver a strong, lightweight laptop. The XPS 14 is available in Platinum for an elegant, minimalistic design.</p><h1 class="ql-align-center"><br></h1><p><img src="https://m.media-amazon.com/images/S/aplus-media-library-service-media/99254aed-6e11-492a-a546-e01a87f36fab.__CR0,0,1464,600_PT0_SX1464_V1___.jpg" alt="B0CZY2L3JY- XPS 9440 Laptop"></p><p class="ql-align-center">The XPS 14 perfectly balances performance and mobility in a stunning form factor. Create on the go with its lightweight 1.68 kg design, slim 18 mm size and long battery life.</p><p class="ql-align-center"><em>Weights vary depending on configurations and manufacturing variability.﻿</em></p><h1><img src="https://m.media-amazon.com/images/S/aplus-media-library-service-media/f6399faa-c4b3-4f54-8f91-79fc30235cfb.__CR0,0,800,600_PT0_SX800_V1___.jpg" alt="laptop-xps-9340-image-6-800x600-1304041735-.jpg"></h1><p><br></p><p>GPU</p><p>High Throughput: Ideal for AI-accelerated digital content creation and video editing with creation apps like Adobe.</p><p><strong>NPU</strong></p><p>Low Power: Ideal for running AI features like Microsoft Studio Effects during video calls.</p><p><strong>CPU</strong></p><p>Fast Response: Ideal for real time multi-tasking and AI workload such as noise cancellation and instant transcription.</p><p><span style="color: var(--app-black); background-color: var(--bs-body-bg);"><img src="https://m.media-amazon.com/images/S/aplus-media-library-service-media/564900fe-a86c-4b60-a595-f5171828982d.__CR0,0,800,600_PT0_SX800_V1___.jpg" alt="XPS9440"></span></p><p><br></p><p class="ql-align-center"><br></p>',27,3,false,true,10,1),
    (6,'<p>WHY IPAD PRO — iPad Pro is the ultimate iPad experience in an impossibly thin and light design. Featuring the breakthrough Ultra Retina XDR display, outrageous performance from the M4 chip, superfast wireless connectivity,* and compatibility with Apple Pencil Pro.* Plus powerful productivity features in iPadOS.</p>','IPAD-PRO-11',false,true,true,true,true,'<h3><strong style="color: rgb(4, 12, 19);">The new iPad Pro is impossibly thin, featuring outrageous performance with the Apple M4 chip, a breakthrough Ultra Retina XDR display, and superfast Wi-Fi 6E. </strong></h3>','','','iPad Pro 11 M4',949.0,'<h3><strong style="color: rgb(4, 12, 19);">The new iPad Pro is impossibly thin, featuring outrageous performance with the Apple M4 chip, a breakthrough Ultra Retina XDR display, and superfast Wi-Fi 6E. </strong></h3>','IPAD-PRO-11','ipad-pro-11-m4','<p><br></p><p class="ql-align-center"><img src="https://m.media-amazon.com/images/G/02/Apple/APlus/GBEN_iPad_Pro_M4_5G_Q324_Web_Marketing_Page_PSD_Bronze_L_01._CB558435783_.jpg" alt="iphone11"></p><p class="ql-align-center"><img src="https://m.media-amazon.com/images/G/02/Apple/APlus/GBEN_iPad_Pro_M4_5G_Q324_Web_Marketing_Page_PSD_Bronze_L_02._CB558435783_.jpg" alt="iphone11"></p><p class="ql-align-center"><img src="https://m.media-amazon.com/images/G/02/Apple/APlus/GBEN_iPad_Pro_M4_5G_Q324_Web_Marketing_Page_PSD_Bronze_L_03._CB558435783_.jpg" alt="iphone11"></p><p class="ql-align-center"><img src="https://m.media-amazon.com/images/G/02/Apple/APlus/GBEN_iPad_Pro_M4_5G_Q324_Web_Marketing_Page_PSD_Bronze_L_04._CB558435783_.jpg" alt="iphone11"></p><p class="ql-align-center"><img src="https://m.media-amazon.com/images/G/02/Apple/APlus/GBEN_iPad_Pro_M4_5G_Q324_Web_Marketing_Page_PSD_Bronze_L_05._CB558435783_.jpg" alt="iphone11"></p><p class="ql-align-center"><img src="https://m.media-amazon.com/images/G/02/Apple/APlus/GBEN_iPad_Pro_M4_5G_Q324_Web_Marketing_Page_PSD_Bronze_L_06._CB558435783_.jpg" alt="iphone11"></p><p class="ql-align-center"><img src="https://m.media-amazon.com/images/G/02/Apple/APlus/GBEN_iPad_Pro_M4_5G_Q324_Web_Marketing_Page_PSD_Bronze_L_07._CB558435783_.jpg" alt="iphone11"></p><p class="ql-align-center"><img src="https://m.media-amazon.com/images/G/02/Apple/APlus/GBEN_iPad_Pro_M4_5G_Q324_Web_Marketing_Page_PSD_Bronze_L_08._CB558435783_.jpg" alt="iphone11"></p><p class="ql-align-center"><img src="https://m.media-amazon.com/images/G/02/Apple/APlus/GBEN_iPad_Pro_M4_5G_Q324_Web_Marketing_Page_PSD_Bronze_L_09._CB558435783_.jpg" alt="iphone11"></p>',30,1,false,true,10,1),
    (7,'<p><span style="color: rgb(4, 12, 19);">Meet Galaxy Tab S9 FE+, the powerful tablet that’s made just for you. A universe of possibilities awaits with Tab S9 FE+.&nbsp;</span></p>','samsung-galaxy-tab-s9',false,true,true,true,true,'','','','Samsung - Galaxy Tab S9',559.0,'Galaxy AI is here. Search like never before¹, let transcript assist² take the notes for you, format your notes into a clear summary,³ and effortlessly edit your photos⁴ -all from your tablet, all with AI.','samsung-galaxy-tab-s9','samsung-galaxy-tab-s9','<h2><strong>From the manufacturer</strong></h2><p><img src="https://m.media-amazon.com/images/S/aplus-media-library-service-media/f8c45598-eef5-4bea-8b9b-e0ded99277cf.__CR0,0,1464,600_PT0_SX1464_V1___.jpg" alt="samsung galaxy, Tab FE"></p><p><br></p><h1><img src="https://m.media-amazon.com/images/S/aplus-media-library-service-media/5f915b97-b66c-4633-bc5c-4afd1be7fad7.__CR0,0,800,600_PT0_SX800_V1___.jpg" alt="samsung galaxy, Tab FE"></h1><h2><strong>Power up your notetaking with S Pen</strong></h2><p>Write, sketch, draw on your Samsung tablet with your favourite notetaking app and the redesigned water and dust-resistant inbox S Pen.</p><p>Now in four trendy colours, it attaches magnetically to the back of your device and matches its style. Galaxy Tab S9 FE and Tab S9 FE+ even support S Pen Creator Edition to unleash your full creative potential.</p><p><img src="https://m.media-amazon.com/images/S/aplus-media-library-service-media/193238de-4b0a-4f33-9534-4287862ffd5c.__CR0,0,800,600_PT0_SX800_V1___.jpg" alt="samsung galaxy, Tab FE"><img src="https://m.media-amazon.com/images/S/aplus-media-library-service-media/32981c0d-7b7d-41e7-94ca-eb090b46f4b4.__CR0,0,800,600_PT0_SX800_V1___.jpg" alt="samsung galaxy, Tab FE"><img src="https://m.media-amazon.com/images/S/aplus-media-library-service-media/10a68d2a-0105-4236-a39b-0b91ce6fd581.__CR0,0,800,600_PT0_SX800_V1___.jpg" alt="samsung galaxy, Tab FE"></p><p class="ql-align-center"><img src="https://m.media-amazon.com/images/S/aplus-media-library-service-media/4c7a718d-2288-4e79-8632-161ff9ef0e6b.__CR0,0,1464,600_PT0_SX1464_V1___.jpg" alt="samsung galaxy, Tab FE"></p><p class="ql-align-center">When the day gets tough, Tab and S Pen stay sturdy and durable. The smooth tablet design is suited up with a strong full-metal frame and the IP68 rating means it''s our first water and dust-resistant Galaxy S FE tablet with S Pen ever.</p><p class="ql-align-center"><br></p><p class="ql-align-center">Equipped with our high-performing Exynos 1380 chipset, Galaxy Tab S9 FE and Tab S9 FE+ keep multitasking, streaming and gaming smooth and fast. Choose up to 256GB internal storage, then grab your microSD to add on more storage in case you need even more room for your videos, compositions, hi-res photos and more.<img src="https://m.media-amazon.com/images/S/aplus-media-library-service-media/dba82c24-d7d0-4ac0-99bf-0260fb91251b.__CR0,0,800,600_PT0_SX800_V1___.jpg" alt="samsung galaxy, Tab FE"><img src="https://m.media-amazon.com/images/S/aplus-media-library-service-media/a88dc2da-6eaf-419d-80af-e0f281868e1e.__CR0,0,800,600_PT0_SX800_V1___.jpg" alt="samsung galaxy, Tab FE"></p><p><br></p><p class="ql-align-center"><br></p>',37,2,false,true,10,1),
    (8,'<p><span style="color: rgb(15, 17, 17);">Galaxy AI: Experience the future of mobile technology with the Galaxy Z Fold6, put PC-Like Power in your pocket, Galaxy Z Fold6 now Super Charged with Galaxy AI. Thinner &amp; lighter with a pocket-worthy silhouette &amp; an even brighter, awe inspiring fold out screen</span></p>','samsung-galaxy-z-fold6',false,true,true,true,true,'<p><br></p>','','','Samsung Galaxy Z Fold6',2099.0,'Galaxy AI is here. Search like never before¹, let transcript assist² take the notes for you, format your notes into a clear summary,³ and effortlessly edit your photos⁴ -all from your tablet, all with AI.','samsung-galaxy-z-fold6','samsung-galaxy-z-fold6','<h1 class="ql-align-center"><strong>Galaxy AI is here</strong></h1><p><img src="https://m.media-amazon.com/images/S/aplus-media-library-service-media/627c7301-a2d5-4f57-af53-32d6ee855015.__CR0,0,1464,600_PT0_SX1464_V1___.jpg" alt="Fold6"></p><p class="ql-align-center">Put PC-like power in your pocket, Galaxy Z Fold6. More powerful than ever with its super-slim, productive screen.</p><h1 class="ql-align-center"><strong>The lightest and the thinnest </strong></h1><p><img src="https://m.media-amazon.com/images/S/aplus-media-library-service-media/b236644e-09d9-4476-a9f3-f183e6b5253d.__CR0,0,1464,600_PT0_SX1464_V1___.jpg" alt="design"></p><h3><br></h3><h1><strong>Our most immersive smartphone gaming.</strong></h1><p><img src="https://m.media-amazon.com/images/S/aplus-media-library-service-media/a7e6d717-cfed-40a4-8af2-4440b1624b9a.__CR0,0,800,600_PT0_SX800_V1___.jpg" alt="display"></p><p class="ql-align-center"><br></p><h1><strong>Powerful gaming with the fastest processor on a Samsung foldable</strong></h1><p><img src="https://m.media-amazon.com/images/S/aplus-media-library-service-media/357d98ec-77dd-4cc8-bc4c-d7e7340665d6.__CR0,0,800,600_PT0_SX800_V1___.jpg" alt="PROCESSOR"></p><p class="ql-align-center"><br></p><p class="ql-align-center"><br></p><p class="ql-align-center"><br></p><h1 class="ql-align-center"><strong>What''s in the box?</strong></h1><p><img src="https://m.media-amazon.com/images/S/aplus-media-library-service-media/aa518f7d-5c7c-4a4a-a6f0-f7f6d7459f75.__CR0,0,1464,600_PT0_SX1464_V1___.jpg" alt="in the box"></p>',41,2,false,true,10,1),
    (12,'<p>The 14-inch MacBook Pro blasts forward with M3 Pro and M3 Max, radically advanced chips that drive even greater performance for more demanding workflows.</p>','macbook-pro-14-m3-pro',false,true,true,true,true,'<p><span style="color: rgb(4, 12, 19);">The 14-inch MacBook Pro blasts forward with M3 Pro and M3 Max, radically advanced chips that drive even greater performance for more demanding workflows.</span></p>','','','MacBook Pro 14 M3 Pro',1699.0,'<p><span style="color: rgb(4, 12, 19);">The 14-inch MacBook Pro blasts forward with M3 Pro and M3 Max, radically advanced chips that drive even greater performance for more demanding workflows.</span></p>','macbook-pro-14-m3-pro','macbook-pro-14-m3-pro','<p><br></p><p class="ql-align-center"><img src="https://m.media-amazon.com/images/G/02/Apple/APlus/GBEN_MacBook_Pro_M3_Q124_Web_Marketing_Page_PSD_Bronze_L_01._CB573742371_.jpg" alt="iphone11"></p><p class="ql-align-center"><img src="https://m.media-amazon.com/images/G/02/Apple/APlus/GBEN_MacBook_Pro_M3_Q124_Web_Marketing_Page_PSD_Bronze_L_02._CB573742371_.jpg" alt="iphone11"></p><p class="ql-align-center"><img src="https://m.media-amazon.com/images/G/02/Apple/APlus/GBEN_MacBook_Pro_M3_Q124_Web_Marketing_Page_PSD_Bronze_L_03._CB573742371_.jpg" alt="iphone11"></p><p class="ql-align-center"><img src="https://m.media-amazon.com/images/G/02/Apple/APlus/GBEN_MacBook_Pro_M3_Q124_Web_Marketing_Page_PSD_Bronze_L_04._CB573742371_.jpg" alt="iphone11"></p><p class="ql-align-center"><img src="https://m.media-amazon.com/images/G/02/Apple/APlus/GBEN_MacBook_Pro_M3_Q124_Web_Marketing_Page_PSD_Bronze_L_05._CB573742371_.jpg" alt="iphone11"></p><p class="ql-align-center"><img src="https://m.media-amazon.com/images/G/02/Apple/APlus/GBEN_MacBook_Pro_M3_Q124_Web_Marketing_Page_PSD_Bronze_L_06._CB573742371_.jpg" alt="iphone11"></p><p class="ql-align-center"><img src="https://m.media-amazon.com/images/G/02/Apple/APlus/GBEN_MacBook_Pro_M3_Q124_Web_Marketing_Page_PSD_Bronze_L_07._CB573742371_.jpg" alt="iphone11"></p><p class="ql-align-center"><img src="https://m.media-amazon.com/images/G/02/Apple/APlus/GBEN_MacBook_Pro_M3_Q124_Web_Marketing_Page_PSD_Bronze_L_08._CB573742371_.jpg" alt="iphone11"></p><p class="ql-align-center"><img src="https://m.media-amazon.com/images/G/02/Apple/APlus/GBEN_MacBook_Pro_M3_Q124_Web_Marketing_Page_PSD_Bronze_L_09._CB573742371_.jpg" alt="iphone11"></p>',54,1,false,true,10,1),
    (13,'<p>Supercharged by the next-generation M2 chip, the redesigned MacBook Air</p>','macbook-air-m2',false,true,true,true,true,'<h3><span style="color: rgb(4, 12, 19);">Supercharged by the next-generation M2 chip, the redesigned MacBook Air</span></h3>','','','MacBook Air M2',729.0,'<h3><span style="color: rgb(4, 12, 19);">Supercharged by the next-generation M2 chip, the redesigned MacBook Air</span></h3>','macbook-air-m2','macbook-air-m2','<p><br></p><p class="ql-align-center"><img src="https://m.media-amazon.com/images/G/02/Apple/APlus/GBEN_MacBook_Air_M2_Q323_Web_Marketing_Page_PSD_Bronze_L_01._CB588073343_.jpg" alt="image 1"></p><p class="ql-align-center"><img src="https://m.media-amazon.com/images/G/02/Apple/APlus/GBEN_MacBook_Air_M2_Q323_Web_Marketing_Page_PSD_Bronze_L_02._CB588073343_.jpg" alt="image 1"></p><p class="ql-align-center"><img src="https://m.media-amazon.com/images/G/02/Apple/APlus/GBEN_MacBook_Air_M2_Q323_Web_Marketing_Page_PSD_Bronze_L_03._CB588073343_.jpg" alt="image 1"></p><p class="ql-align-center"><img src="https://m.media-amazon.com/images/G/02/Apple/APlus/GBEN_MacBook_Air_M2_Q323_Web_Marketing_Page_PSD_Bronze_L_04._CB588073343_.jpg" alt="image 1"></p><p class="ql-align-center"><img src="https://m.media-amazon.com/images/G/02/Apple/APlus/GBEN_MacBook_Air_M2_Q323_Web_Marketing_Page_PSD_Bronze_L_05._CB588073343_.jpg" alt="image 1"></p><p class="ql-align-center"><img src="https://m.media-amazon.com/images/G/02/Apple/APlus/GBEN_MacBook_Air_M2_Q323_Web_Marketing_Page_PSD_Bronze_L_06._CB588073343_.jpg" alt="image 1"></p><p class="ql-align-center"><img src="https://m.media-amazon.com/images/G/02/Apple/APlus/GBEN_MacBook_Air_M2_Q323_Web_Marketing_Page_PSD_Bronze_L_07._CB588073343_.jpg" alt="image 1"></p><p class="ql-align-center"><img src="https://m.media-amazon.com/images/G/02/Apple/APlus/GBEN_MacBook_Air_M2_Q323_Web_Marketing_Page_PSD_Bronze_L_08._CB588073343_.jpg" alt="image 1"></p><p class="ql-align-center"><img src="https://m.media-amazon.com/images/G/02/Apple/APlus/GBEN_MacBook_Air_M2_Q323_Web_Marketing_Page_PSD_Bronze_L_09._CB588073343_.jpg" alt="image 1"></p>',55,1,false,true,10,1),
    (14,'<p>The M3 chip brings even greater capabilities to the superportable 15-inch MacBook Air</p>','macbook-air-m3',false,true,true,true,true,'<h2><strong style="color: rgb(4, 12, 19);">The M3 chip brings even greater capabilities to the superportable 15-inch MacBook Air</strong></h2>','','','MacBook Air M3',1349.0,'<h2><strong style="color: rgb(4, 12, 19);">The M3 chip brings even greater capabilities to the superportable 15-inch MacBook Air</strong></h2>','macbook-air-m3','macbook-air-m3','<p><br></p><p class="ql-align-center"><img src="https://m.media-amazon.com/images/G/02/Apple/APlus/GBEN_MacBook_Air_M3_Q224_Web_Marketing_Page_PSD_Bronze_L_01._CB580541568_.jpg" alt="image 1"></p><p class="ql-align-center"><img src="https://m.media-amazon.com/images/G/02/Apple/APlus/GBEN_MacBook_Air_M3_Q224_Web_Marketing_Page_PSD_Bronze_L_02._CB580541568_.jpg" alt="image 1"></p><p class="ql-align-center"><img src="https://m.media-amazon.com/images/G/02/Apple/APlus/GBEN_MacBook_Air_M3_Q224_Web_Marketing_Page_PSD_Bronze_L_03._CB580541568_.jpg" alt="image 1"></p><p class="ql-align-center"><img src="https://m.media-amazon.com/images/G/02/Apple/APlus/GBEN_MacBook_Air_M3_Q224_Web_Marketing_Page_PSD_Bronze_L_04._CB580541568_.jpg" alt="image 1"></p><p class="ql-align-center"><img src="https://m.media-amazon.com/images/G/02/Apple/APlus/GBEN_MacBook_Air_M3_Q224_Web_Marketing_Page_PSD_Bronze_L_05._CB580541568_.jpg" alt="image 1"></p><p class="ql-align-center"><img src="https://m.media-amazon.com/images/G/02/Apple/APlus/GBEN_MacBook_Air_M3_Q224_Web_Marketing_Page_PSD_Bronze_L_06._CB580541568_.jpg" alt="image 1"></p><p class="ql-align-center"><img src="https://m.media-amazon.com/images/G/02/Apple/APlus/GBEN_MacBook_Air_M3_Q224_Web_Marketing_Page_PSD_Bronze_L_07._CB580541568_.jpg" alt="image 1"></p><p class="ql-align-center"><img src="https://m.media-amazon.com/images/G/02/Apple/APlus/GBEN_MacBook_Air_M3_Q224_Web_Marketing_Page_PSD_Bronze_L_08._CB580541568_.jpg" alt="image 1"></p><p class="ql-align-center"><img src="https://m.media-amazon.com/images/G/02/Apple/APlus/GBEN_MacBook_Air_M3_Q224_Web_Marketing_Page_PSD_Bronze_L_09._CB580541568_.jpg" alt="image 1"></p>',59,1,false,true,10,1),
    (15,'<p>Unlock your creativity with the tiny but mighty Galaxy Z Flip6, the Galaxy AI powered pocket perfect foldable built for those who want to make a big statement</p>','Samsung Galaxy Z Flip6 ',false,true,true,true,true,'<p><span style="color: rgb(4, 12, 19);">Unlock your creativity with the tiny but mighty Galaxy Z Flip6, the Galaxy AI powered pocket perfect foldable built for those who want to make a big statement</span></p>','','','Samsung Galaxy Z Flip6 ',1099.0,'<p><span style="color: rgb(4, 12, 19);">Unlock your creativity with the tiny but mighty Galaxy Z Flip6, the Galaxy AI powered pocket perfect foldable built for those who want to make a big statement</span></p>','Samsung Galaxy Z Flip6 ','samsung-galaxy-z-flip6','<p class="ql-align-center">Galaxy AI is here</p><p><img src="https://m.media-amazon.com/images/S/aplus-media-library-service-media/8d5930e7-0dbd-4324-8c03-f1f1e0e6ee7c.__CR0,0,1464,600_PT0_SX1464_V1___.jpg" alt="Galaxy Z Flip6"></p><p class="ql-align-center"><em>Your self-expression tool, Galaxy Z Flip6, is more compact and eye-catching, with Galaxy AI and a pro-level 50MP camera that''s photoshoot-ready.³</em></p><p><img src="https://m.media-amazon.com/images/S/aplus-media-library-service-media/5b022f4e-703c-4493-a2d8-c206c4be0b17.__CR0,0,1464,600_PT0_SX1464_V1___.jpg" alt="Flip6"></p><p class="ql-align-center"><em>The most compact, big impact</em></p><p class="ql-align-center"><br></p><p>FlexCam</p><p><strong><em>FlexCam uses Auto Zoom to zoom in or out on subjects, and provides a preview on the FlexWindow for a hands-free selfie experience</em></strong></p><p class="ql-align-center"><span style="color: rgb(15, 17, 17);"><img src="https://m.media-amazon.com/images/S/aplus-media-library-service-media/27c52bb3-cd3e-4e69-bee3-b3ee44666e02.__CR0,0,800,600_PT0_SX800_V1___.jpg" alt="Flex Cam"></span></p><p>Portraits</p><p><strong><em>50MP Camera. Stunning Portraits.</em></strong></p><p><br></p><p class="ql-align-center">Capture stunning shots during the day but also at night, and even in dimly lit areas, thanks to ProVisual Engine.</p><p class="ql-align-center"><img src="https://m.media-amazon.com/images/S/aplus-media-library-service-media/39253119-163b-4c93-9836-52cfaef07642.__CR0,0,800,600_PT0_SX800_V1___.jpg" alt="Authentic Portrait"></p><p>Camera System</p><p><strong><em>The most powerful camera on a Galaxy Z Flip, now with AI</em></strong></p><p class="ql-align-center"><img src="https://m.media-amazon.com/images/S/aplus-media-library-service-media/d9af8f98-4f50-479d-895a-faf92a3978f8.__CR0,0,800,600_PT0_SX800_V1___.jpg" alt="Camera Spec"></p><p>Battery &amp; Vapour Chamber</p><p><strong><em>Galaxy Z Flip''s longest lasting battery and first ever Vapour Chamber</em></strong></p><p class="ql-align-center"><img src="https://m.media-amazon.com/images/S/aplus-media-library-service-media/f483436b-6368-4dba-bc97-ebe848b888d0.__CR0,0,800,600_PT0_SX800_V1___.jpg" alt="Vapour Chamber Battery"></p><p class="ql-align-center"><br></p><p class="ql-align-center"><span style="color: rgb(15, 17, 17);"><img src="https://m.media-amazon.com/images/S/aplus-media-library-service-media/38418cb2-e2df-4fbf-8947-bd7b072e92ec.__CR0,0,1464,600_PT0_SX1464_V1___.jpg" alt="Flip6 What''s in the box"></span></p>',64,2,false,true,10,1),
    (16,'<p>Intel Core Ultra processors deliver the next level in an immersive graphics experience, and high-performance low power processing</p>','dell-inspiron-16-5640-laptop-16',false,true,true,true,true,'<p><span style="color: rgb(4, 12, 19);">Intel&nbsp;Core Ultra processors&nbsp;deliver the next level in an immersive graphics experience, and high-performance low power processing</span></p>','','','Dell Inspiron 16 5640 Laptop 16"',584.0,'<p><span style="color: rgb(4, 12, 19);">Intel&nbsp;Core Ultra processors&nbsp;deliver the next level in an immersive graphics experience, and high-performance low power processing</span></p>','dell-inspiron-16-5640-laptop-16','dell-inspiron-16-5640-laptop-16','<p><span style="color: rgb(15, 17, 17);"><img src="https://m.media-amazon.com/images/S/aplus-media-library-service-media/1bdb38f3-dcbe-49c0-bcac-0a8a523fb7b3.__CR0,0,1464,600_PT0_SX1464_V1___.jpg" alt="laptop-inspiron-5640-banner-1464x600-b0cz76sqn4.jpg"></span></p><p><br></p><h1>Immersive screen, unlimited productivity.</h1><p><br></p><p>Enjoy seamless productivity and immersive entertainment with Intel Core processors and Intel Graphics on a large screen.</p><ul><li>16.0-inch 16:10 FHD+ (1920 x 1200) Anti-Glare Non-Touch 250nits WVA Display with ComfortView Support</li><li>Intel Core 7 processor 150U (12MB cache, 10 cores, 12 threads, 5.4 GHz)</li><li>Intel Graphics</li><li>1TB M.2 PCIe NVMe Solid State Drive</li><li>16GB, 2x8GB, DDR5, 5200 MT/s Memory</li></ul><p><br></p><p><br></p><h1>Windows 11 brings you closer to what you love</h1><p><br></p><p>Family, friends, obsessions, music, creations Windows 11 is the one place for it all. With a fresh new feel and tools that make it easier to be efficient, it has what you need for whatever’s next.</p><p><br></p><p><img src="https://m.media-amazon.com/images/S/aplus-media-library-service-media/4f81e358-0da2-4274-be2a-463476746afd.__CR0,0,800,600_PT0_SX800_V1___.jpg" alt="windows-11"></p><p><br></p><h1>Sustainability Comes Naturally.</h1><p><br></p><p>Dell aims to eliminate waste by continually reusing resources in our technology.</p><p><br></p><p><img src="https://m.media-amazon.com/images/S/aplus-media-library-service-media/7e3256ee-0bd5-47a5-983e-a03cc1c49330.__CR0,0,1464,600_PT0_SX1464_V1___.jpg" alt="laptop-inspiron-5640-image-1-1464x600-b0cz76sqn4-lifestyle-image.jpg"></p><p class="ql-align-center">Enjoy seamless productivity and immersive entertainment with Intel Core Processors and Intel Graphics on a large immersive screen.</p><p><br></p><p><br></p><h1 class="ql-align-center">Ports and Slots</h1><p><img src="https://m.media-amazon.com/images/S/aplus-media-library-service-media/93217aad-5267-4349-bf92-cb988bb82cf5.__CR0,0,1464,600_PT0_SX1464_V1___.jpg" alt="laptop-inspiron-5640-image-2-1464x600-b0cz76sqn4-port-&amp;amp;-slot.jpg"></p><p class="ql-align-center"><em>1. SD card reader | 2. Universal Audio Jack | 3. USB 3.2 Gen 1 Type-A | 4. Lock slot |5. Power jack | 6. HDMI 1.4 | 7. USB 3.2 Gen 1 Type-A | 8. USB 3.2 Gen 2 Type-C (DP/PowerDelivery)</em></p>',71,3,false,true,10,1),
    (17,'<p>Colorfully reimagined and more versatile than ever. With an all-screen design,10.9-inch Liquid Retina display</p>','ipad-109-inch-10th-generation',false,true,true,true,true,'<p><span style="color: rgb(4, 12, 19);">Colorfully reimagined and more versatile than ever. With an all-screen design,10.9-inch Liquid Retina display</span></p>','','','iPad 10.9-Inch (10th Generation)',349.0,'<p><span style="color: rgb(4, 12, 19);">Colorfully reimagined and more versatile than ever. With an all-screen design,10.9-inch Liquid Retina display</span></p>','ipad-109-inch-10th-generation','ipad-109-inch-10th-generation','<p><br></p><p class="ql-align-center"><img src="https://m.media-amazon.com/images/G/02/Apple/GBEN_iPad_10th_Gen_5G_Q124_Web_Marketing_Page_PSD_Bronze_L_01._CB573905506_.jpg" alt="iphone11"></p><p class="ql-align-center"><img src="https://m.media-amazon.com/images/G/02/img15/MarchEye/Premiumaplus/GBEN_iPad_10th_Gen_5G_Q124_Web_Marketing_Page_PSD_Bronze_L_02._CB574385677_.jpg" alt="iphone11"></p><p class="ql-align-center"><img src="https://m.media-amazon.com/images/G/02/img15/MarchEye/Premiumaplus/GBEN_iPad_10th_Gen_5G_Q124_Web_Marketing_Page_PSD_Bronze_L_03._CB574385677_.jpg" alt="iphone11"></p><p class="ql-align-center"><img src="https://m.media-amazon.com/images/G/02/img15/MarchEye/Premiumaplus/GBEN_iPad_10th_Gen_5G_Q124_Web_Marketing_Page_PSD_Bronze_L_04._CB574385677_.jpg" alt="iphone11"></p><p class="ql-align-center"><img src="https://m.media-amazon.com/images/G/02/img15/MarchEye/Premiumaplus/GBEN_iPad_10th_Gen_5G_Q124_Web_Marketing_Page_PSD_Bronze_L_05._CB574385677_.jpg" alt="iphone11"></p><p class="ql-align-center"><img src="https://m.media-amazon.com/images/G/02/img15/MarchEye/Premiumaplus/GBEN_iPad_10th_Gen_5G_Q124_Web_Marketing_Page_PSD_Bronze_L_06._CB574385677_.jpg" alt="iphone11"></p><p class="ql-align-center"><img src="https://m.media-amazon.com/images/G/02/img15/MarchEye/Premiumaplus/GBEN_iPad_10th_Gen_5G_Q124_Web_Marketing_Page_PSD_Bronze_L_07._CB574385677_.jpg" alt="iphone11"></p><p class="ql-align-center"><img src="https://m.media-amazon.com/images/G/02/img15/MarchEye/Premiumaplus/GBEN_iPad_10th_Gen_5G_Q124_Web_Marketing_Page_PSD_Bronze_L_08._CB574385677_.jpg" alt="iphone11"></p><p class="ql-align-center"><img src="https://m.media-amazon.com/images/G/02/img15/MarchEye/Premiumaplus/GBEN_iPad_10th_Gen_5G_Q124_Web_Marketing_Page_PSD_Bronze_L_09._CB574385677_.jpg" alt="iphone11"></p><p><br></p>',76,1,false,true,10,1);
